{"hunger": 0.011705277777777624, "thirst": 0.012179722222222035, "happiness": 99.9872877777733, "level": 1, "last_level_update": 1762801752.0850415, "is_neglected": false}