{"hunger": 0.0007436111111111104, "thirst": 0.001568055555555556, "happiness": 99.9988480555552, "level": 38, "last_level_update": 1766014269.14941, "is_neglected": false}