{"hunger": 0.004461111111111131, "thirst": 0.0007463888888888882, "happiness": 99.99627472222133, "level": 42, "last_level_update": 1766360678.4700735, "is_neglected": false}