{"hunger": 0.006574444444444514, "thirst": 0.0004172222222222221, "happiness": 99.99416138888739, "level": 42, "last_level_update": 1766360678.4700735, "is_neglected": false}